,Unnamed: 0,ticker,option_symbol,expiry,strike,type,is_itm,entry_range,ask,model_prob,tp_target,sl_target,impliedVolatility,kelly_fraction,expected_profit,run_timestamp,iv,volatility_regime
35,35,SPY,SPY260120P00688000,2026-01-20,688.0,put,False,$0.83 - $0.85,0.85,0.695,628.5725725920611,0.6050113860089391,0.0888152642822265,0.3458403553809344,0.2186082355614192,2026-01-18 23:16:55.682196,,
36,36,SPY,SPY260120P00689000,2026-01-20,689.0,put,False,$1.04 - $1.05,1.05,0.7,629.6176635161761,0.999967663960227,0.0849090533447265,0.4708354013927278,0.5199069574242186,2026-01-18 23:16:55.682196,,
37,37,SPY,SPY260120P00690000,2026-01-20,690.0,put,False,$1.30 - $1.32,1.32,0.71,630.6669783458178,1.5605424506284291,0.0817962915039062,0.5060966214954495,0.8449661434315697,2026-01-18 23:16:55.682196,,
38,38,SPY,SPY260120P00691000,2026-01-20,691.0,put,False,$1.61 - $1.62,1.62,0.73,631.7199644925961,2.2645626259377596,0.0772797351074218,0.5199514245813734,1.1926167776999097,2026-01-18 23:16:55.682196,,
39,39,SPY,SPY260120P00692000,2026-01-20,692.0,put,True,$2.02 - $2.03,2.03,0.75,632.7773373181499,3.096710236938674,0.0741669732666015,0.5195549950239107,1.4570590844840974,2026-01-18 23:16:55.682196,,
40,40,SPY,SPY260120P00693000,2026-01-20,693.0,put,True,$2.49 - $2.55,2.55,0.765,633.8393570980965,3.994820284643472,0.0719086950683593,0.5124544736819847,1.6227086763704417,2026-01-18 23:16:55.682196,,
41,41,SPY,SPY260120P00694000,2026-01-20,694.0,put,True,$3.07 - $3.14,3.14,0.8,634.9061086439747,4.914944451714255,0.068795933227539,0.5049747691215846,1.731106254189292,2026-01-18 23:16:55.682196,,
42,42,SPY,SPY260120P00695000,2026-01-20,695.0,put,True,$3.76 - $3.83,3.83,0.82,635.9783189119571,5.842003362405736,0.0658052404785156,0.4998930763683844,1.7673819962053483,2026-01-18 23:16:55.682196,,
43,43,SPY,SPY260120P00696000,2026-01-20,696.0,put,True,$4.55 - $4.62,4.62,0.84,637.0564829067308,6.781730262402707,0.063485927734375,0.5075590602433281,1.7577252003650503,2026-01-18 23:16:55.682196,,
44,44,SPY,SPY260120P00697000,2026-01-20,697.0,put,True,$5.34 - $5.53,5.53,0.875,638.1415096842667,7.716287457786694,0.0655611022949218,0.5393706818643226,1.7150313511593804,2026-01-18 23:16:55.682196,,
45,45,SPY,SPY260120P00698000,2026-01-20,698.0,put,True,$6.29 - $6.47,6.47,0.9,639.23146272699,8.647064175030419,0.0678804150390625,0.5989950766748193,1.7064216462433046,2026-01-18 23:16:55.682196,,
46,46,SPY,SPY260120P00699000,2026-01-20,699.0,put,True,$7.28 - $7.47,7.47,0.915,640.3258365316764,9.574444812491732,0.0759369750976562,0.6344487970038541,1.663058741398704,2026-01-18 23:16:55.682196,,
47,47,SPY,SPY260120P00700000,2026-01-20,700.0,put,True,$8.29 - $8.47,8.47,0.92,641.4221324058094,10.500348419939728,0.08399353515625,0.7223618648522894,1.8546672772621569,2026-01-18 23:16:55.682196,,
93,93,SPY,SPY260121P00685000,2026-01-21,685.0,put,False,$0.85 - $0.86,0.86,0.645,625.5256954801218,0.3301863246338834,0.1086514916992187,0.0530616770305315,0.0248525789325315,2026-01-18 23:16:55.682196,,
94,94,SPY,SPY260121P00686000,2026-01-21,686.0,put,False,$1.00 - $1.01,1.01,0.665,626.5648347080978,0.4889363062122269,0.1055997644042968,0.2501835884039592,0.180535810118905,2026-01-18 23:16:55.682196,,
95,95,SPY,SPY260121P00687000,2026-01-21,687.0,put,False,$1.18 - $1.19,1.19,0.695,627.6066635559716,0.7124400802528107,0.1026090716552734,0.3557126759726792,0.3772895273130384,2026-01-18 23:16:55.682196,,
96,96,SPY,SPY260121P00688000,2026-01-21,688.0,put,False,$1.39 - $1.41,1.41,0.695,628.6513410394763,1.0205546195907993,0.0998625170898437,0.4098788000206713,0.6068502733824658,2026-01-18 23:16:55.682196,,
97,97,SPY,SPY260121P00689000,2026-01-21,689.0,put,False,$1.64 - $1.66,1.66,0.705,629.6987216507384,1.4219273967132018,0.0968107897949218,0.4403646242992208,0.869719703225207,2026-01-18 23:16:55.682196,,
98,98,SPY,SPY260121P00690000,2026-01-21,690.0,put,False,$1.93 - $1.94,1.94,0.735,630.7487640023143,1.925145749949896,0.093209751586914,0.4578371420009844,1.15623650671972,2026-01-18 23:16:55.682196,,
99,99,SPY,SPY260121P00691000,2026-01-21,691.0,put,False,$2.28 - $2.29,2.29,0.735,631.801954025943,2.5524082963993986,0.090280093383789,0.4642741251725937,1.4189606970641242,2026-01-18 23:16:55.682196,,
100,100,SPY,SPY260121P00692000,2026-01-21,692.0,put,True,$2.68 - $2.70,2.7,0.745,632.8580662889718,3.289267243910774,0.0874725042724609,0.4662799554578403,1.6513244181824152,2026-01-18 23:16:55.682196,,
101,101,SPY,SPY260121P00693000,2026-01-21,693.0,put,True,$3.11 - $3.22,3.22,0.75,633.9176612025435,4.127272615135765,0.0862518133544922,0.4619786965381289,1.796733352059935,2026-01-18 23:16:55.682196,,
102,102,SPY,SPY260121P00694000,2026-01-21,694.0,put,True,$3.61 - $3.75,3.75,0.77,634.9794571365325,5.02050581585955,0.083016982421875,0.4606044940604495,1.9447159330154355,2026-01-18 23:16:55.682196,,
103,103,SPY,SPY260121P00695000,2026-01-21,695.0,put,True,$4.25 - $4.38,4.38,0.78,636.0447569008999,5.9617384541571194,0.0808197387695312,0.456438889919475,2.0138389777597667,2026-01-18 23:16:55.682196,,
104,104,SPY,SPY260121P00696000,2026-01-21,696.0,put,True,$4.88 - $5.05,5.05,0.795,637.1128706054692,6.924282790829909,0.0774018041992187,0.4551275363011087,2.063866402453124,2026-01-18 23:16:55.682196,,
105,105,SPY,SPY260121P00697000,2026-01-21,697.0,put,True,$5.62 - $5.83,5.83,0.815,638.1853242557945,7.897740374977587,0.0760590441894531,0.456089167143771,2.046981232529689,2026-01-18 23:16:55.682196,,
106,106,SPY,SPY260121P00699000,2026-01-21,699.0,put,True,$7.32 - $7.53,7.53,0.87,640.3403187681214,9.849088290074777,0.0719086950683593,0.4831747200843331,2.005543557387124,2026-01-18 23:16:55.682196,,
107,107,SPY,SPY260121P00700000,2026-01-21,700.0,put,True,$8.29 - $8.48,8.48,0.87,641.42416427518,10.823651733483796,0.0739838696289062,0.51405492504044,1.9731679896040104,2026-01-18 23:16:55.682196,,
161,161,SPY,SPY260122P00687000,2026-01-22,687.0,put,False,$1.63 - $1.64,1.64,0.66,627.591695828404,0.8407852136817124,0.1082852844238281,0.0467725669852321,0.0414424855957181,2026-01-18 23:16:55.682196,,
162,162,SPY,SPY260122P00688000,2026-01-22,688.0,put,False,$1.86 - $1.88,1.88,0.675,628.6329889158897,1.1158603828558478,0.1055997644042968,0.1651011469733026,0.1940344967218391,2026-01-18 23:16:55.682196,,
163,163,SPY,SPY260122P00689000,2026-01-22,689.0,put,False,$2.13 - $2.15,2.15,0.69,629.6768013796237,1.4597199329775767,0.1027311407470703,0.2445466038786851,0.3709854547894937,2026-01-18 23:16:55.682196,,
164,164,SPY,SPY260122P00690000,2026-01-22,690.0,put,False,$2.44 - $2.46,2.46,0.705,630.7234550688993,1.8864659858456017,0.0999235516357422,0.2953205270055343,0.5619686033870493,2026-01-18 23:16:55.682196,,
165,165,SPY,SPY260122P00691000,2026-01-22,691.0,put,False,$2.79 - $2.81,2.81,0.72,631.7729625792364,2.3997995510261516,0.0969328588867187,0.3557649815664095,0.8134326806420522,2026-01-18 23:16:55.682196,,
166,166,SPY,SPY260122P00692000,2026-01-22,692.0,put,True,$3.19 - $3.21,3.21,0.73,632.8256432787718,3.0081311036957965,0.0940032006835937,0.3729749229391702,1.0104517205251045,2026-01-18 23:16:55.682196,,
167,167,SPY,SPY260122P00693000,2026-01-22,693.0,put,True,$3.60 - $3.73,3.73,0.745,633.8829915727213,3.736628637162657,0.093209751586914,0.3667760732023303,1.126136952129335,2026-01-18 23:16:55.682196,,
168,168,SPY,SPY260122P00694000,2026-01-22,694.0,put,True,$4.07 - $4.23,4.23,0.78,634.9420908309463,4.500346490034082,0.0900359552001953,0.3683913463669021,1.2753615113487538,2026-01-18 23:16:55.682196,,
169,169,SPY,SPY260122P00695000,2026-01-22,695.0,put,True,$4.65 - $4.80,4.8,0.79,636.0047501386167,5.3358219307946895,0.0871673315429687,0.360712452789657,1.3725846999544054,2026-01-18 23:16:55.682196,,
170,170,SPY,SPY260122P00696000,2026-01-22,696.0,put,True,$5.25 - $5.50,5.5,0.8,637.0721876255345,6.2363254094292255,0.0868621588134765,0.3369312650357569,1.3592496886500507,2026-01-18 23:16:55.682196,,
171,171,SPY,SPY260122P00697000,2026-01-22,697.0,put,True,$5.93 - $6.17,6.17,0.82,638.1408786455804,7.155180468076907,0.0833221551513672,0.3218832652576505,1.3806572052370487,2026-01-18 23:16:55.682196,,
172,172,SPY,SPY260122P00698000,2026-01-22,698.0,put,True,$6.69 - $6.93,6.93,0.84,639.2132539145676,8.101900217964792,0.081063876953125,0.2987521603210459,1.3306959876150253,2026-01-18 23:16:55.682196,,
173,173,SPY,SPY260122P00699000,2026-01-22,699.0,put,True,$7.50 - $7.75,7.75,0.845,640.2885416814108,9.060678981548795,0.0792328405761718,0.2732109431277773,1.242655378206877,2026-01-18 23:16:55.682196,,
174,174,SPY,SPY260122P00700000,2026-01-22,700.0,put,True,$8.35 - $8.61,8.61,0.845,641.3661959099763,10.02442451991031,0.077157666015625,0.248631064808932,1.1398625623358989,2026-01-18 23:16:55.682196,,
265,265,SPY,SPY260123P00690000,2026-01-23,690.0,put,False,$2.91 - $2.92,2.92,0.7,630.6278952810454,1.9385677641991776,0.1044401080322265,0.0159742768234651,0.0222881703490611,2026-01-18 23:16:55.682196,,
266,266,SPY,SPY260123P00691000,2026-01-23,691.0,put,False,$3.26 - $3.28,3.28,0.71,631.6745847282925,2.384091732415967,0.1018156225585937,0.0991357605515698,0.1675578266490085,2026-01-18 23:16:55.682196,,
267,267,SPY,SPY260123P00692000,2026-01-23,692.0,put,True,$3.66 - $3.68,3.68,0.73,632.7242730354515,2.902723163063791,0.0991301025390625,0.1909878800692007,0.376752648201082,2026-01-18 23:16:55.682196,,
268,268,SPY,SPY260123P00693000,2026-01-23,693.0,put,True,$4.10 - $4.13,4.13,0.74,633.7771722573723,3.500318020336707,0.0965666516113281,0.2317864851296719,0.5298310248994754,2026-01-18 23:16:55.682196,,
269,269,SPY,SPY260123P00694000,2026-01-23,694.0,put,True,$4.51 - $4.62,4.62,0.76,634.8329447697693,4.1688223479696225,0.0936980279541015,0.2612157582066308,0.6781475290009084,2026-01-18 23:16:55.682196,,
270,270,SPY,SPY260123P00695000,2026-01-23,695.0,put,True,$5.10 - $5.16,5.16,0.77,635.8918117894648,4.916704067865485,0.0907683697509765,0.2802299129952766,0.808759964451615,2026-01-18 23:16:55.682196,,
271,271,SPY,SPY260123P00696000,2026-01-23,696.0,put,True,$5.62 - $5.83,5.83,0.775,636.9556938993051,5.758142212574575,0.090280093383789,0.2766374062541432,0.8520982576773353,2026-01-18 23:16:55.682196,,
272,272,SPY,SPY260123P00697000,2026-01-23,697.0,put,True,$6.26 - $6.52,6.52,0.79,638.0218622420464,6.636264463521333,0.0889373333740234,0.2758213329611678,0.8956680327887877,2026-01-18 23:16:55.682196,,
273,273,SPY,SPY260123P00698000,2026-01-23,698.0,put,True,$6.95 - $7.24,7.24,0.825,639.0904344810831,7.547600689692173,0.086923193359375,0.2755331441120585,0.9305819293140936,2026-01-18 23:16:55.682196,,
274,274,SPY,SPY260123P00699000,2026-01-23,699.0,put,True,$7.72 - $7.99,7.99,0.83,640.1613061263467,8.485434497064015,0.0841156042480469,0.2758000424289555,0.9567006044149344,2026-01-18 23:16:55.682196,,
275,275,SPY,SPY260123P00700000,2026-01-23,700.0,put,True,$8.55 - $8.80,8.8,0.85,641.2353281789894,9.445520244748668,0.0819183605957031,0.2736074133877034,0.9548434607827768,2026-01-18 23:16:55.682196,,
276,276,SPY,SPY260123P00701000,2026-01-23,701.0,put,True,$9.36 - $9.67,9.67,0.85,642.3124577339289,10.417692142016625,0.0806976696777343,0.27016081537359,0.9293070158094542,2026-01-18 23:16:55.682196,,
277,277,SPY,SPY260123P00702000,2026-01-23,702.0,put,True,$10.27 - $10.57,10.57,0.86,643.3919271113507,11.394883895620884,0.0795990478515625,0.2702256568780593,0.904647394678064,2026-01-18 23:16:55.682196,,
292,292,SPY,SPY260126P00685000,2026-01-26,685.0,put,False,$2.03 - $2.05,2.05,0.675,625.4575389007674,1.7889622557166711,0.1076139044189453,0.2287980411862577,0.3842572353629263,2026-01-18 23:16:55.682196,,
293,293,SPY,SPY260126P00690000,2026-01-26,690.0,put,False,$3.35 - $3.38,3.38,0.725,630.6728196099427,3.9054436965747255,0.0960783752441406,0.4141035259111331,1.4358019190419138,2026-01-18 23:16:55.682196,,
294,294,SPY,SPY260126P00695000,2026-01-26,695.0,put,True,$5.43 - $5.63,5.63,0.775,635.9463964771588,7.379159415740772,0.0857635369873047,0.4150014721625321,2.240443804886516,2026-01-18 23:16:55.682196,,
295,295,SPY,SPY260126P00700000,2026-01-26,700.0,put,True,$8.70 - $9.02,9.02,0.825,641.2724807726976,11.753811238956256,0.0758149060058593,0.3628901284701873,2.3160330676986063,2026-01-18 23:16:55.682196,,
477,477,SPY,SPY260130P00687000,2026-01-30,687.0,put,False,$4.46 - $4.49,4.49,0.675,627.5669419401776,2.587563908282986,0.1263820272827148,0.0390051424599565,0.1170059843802299,2026-01-18 23:16:55.682196,,
478,478,SPY,SPY260130P00688000,2026-01-30,688.0,put,False,$4.74 - $4.77,4.77,0.68,628.6064950777478,2.8731916189050946,0.1239101281738281,0.0703782588730094,0.2338774801862804,2026-01-18 23:16:55.682196,,
479,479,SPY,SPY260130P00689000,2026-01-30,689.0,put,False,$5.05 - $5.08,5.08,0.69,629.6479013990603,3.1936097383019377,0.1216518499755859,0.1205072058087753,0.4373960856309809,2026-01-18 23:16:55.682196,,
480,480,SPY,SPY260130P00690000,2026-01-30,690.0,put,False,$5.38 - $5.40,5.4,0.7,630.6904230249579,3.53687727557778,0.1191189163208007,0.1428869992092503,0.5694169967557026,2026-01-18 23:16:55.682196,,
481,481,SPY,SPY260130P00691000,2026-01-30,691.0,put,False,$5.72 - $5.76,5.76,0.705,631.7350002929281,3.925194628414733,0.116921672668457,0.1591033348849475,0.6913028509993131,2026-01-18 23:16:55.682196,,
482,482,SPY,SPY260130P00692000,2026-01-30,692.0,put,True,$6.10 - $6.13,6.13,0.72,632.7806724871788,4.339469422699814,0.1144192562866211,0.1993001065544318,0.9318609668253818,2026-01-18 23:16:55.682196,,
483,483,SPY,SPY260130P00693000,2026-01-30,693.0,put,True,$6.49 - $6.53,6.53,0.725,633.8279997958397,4.793772101926829,0.1119778744506835,0.2105527343861881,1.063487682492064,2026-01-18 23:16:55.682196,,
484,484,SPY,SPY260130P00694000,2026-01-30,694.0,put,True,$6.92 - $6.96,6.96,0.73,634.8769402533919,5.288741366565352,0.1095670098876953,0.2447186364779891,1.3133758807852924,2026-01-18 23:16:55.682196,,
485,485,SPY,SPY260130P00695000,2026-01-30,695.0,put,True,$7.33 - $7.46,7.46,0.74,635.928587904785,5.848734443662536,0.1079495944213867,0.2464217089848418,1.404186114977119,2026-01-18 23:16:55.682196,,
486,486,SPY,SPY260130P00696000,2026-01-30,696.0,put,True,$7.78 - $7.98,7.98,0.755,636.9814826762608,6.4418333895462485,0.1061185580444336,0.2472852010276029,1.4895999223967986,2026-01-18 23:16:55.682196,,
487,487,SPY,SPY260130P00697000,2026-01-30,697.0,put,True,$8.29 - $8.51,8.51,0.76,638.0353378932416,7.063054227119426,0.1038602798461914,0.2482412329417878,1.5764916954501562,2026-01-18 23:16:55.682196,,
488,488,SPY,SPY260130P00698000,2026-01-30,698.0,put,True,$8.85 - $9.07,9.07,0.77,639.090645492066,7.722691834369976,0.1015104498291015,0.2473936041731838,1.6476102487005977,2026-01-18 23:16:55.682196,,
489,489,SPY,SPY260130P00699000,2026-01-30,699.0,put,True,$9.46 - $9.66,9.66,0.775,640.1474158284036,8.420375910817741,0.099069067993164,0.2449167962732147,1.7018052434214397,2026-01-18 23:16:55.682196,,
490,490,SPY,SPY260130P00700000,2026-01-30,700.0,put,True,$10.05 - $10.27,10.27,0.78,641.205298267058,9.149965488931338,0.0962614788818359,0.2415799516306946,1.7454258005516194,2026-01-18 23:16:55.682196,,
491,491,SPY,SPY260130P00701000,2026-01-30,701.0,put,True,$10.66 - $10.96,10.96,0.785,642.266133425507,9.934831436153218,0.0944914770507812,0.233322124010321,1.7316773108576229,2026-01-18 23:16:55.682196,,
492,492,SPY,SPY260130P00705000,2026-01-30,705.0,put,True,$13.67 - $13.97,13.97,0.82,646.5217538478381,13.317955062177589,0.0846649151611328,0.1917374516168677,1.527712151077906,2026-01-18 23:16:55.682196,,
493,493,SPY,SPY260130P00707000,2026-01-30,707.0,put,True,$14.75 - $16.55,16.55,0.845,648.7019549331241,15.422003059171502,0.1141446008300781,0.1297541449444915,0.8910085453499564,2026-01-18 23:16:55.682196,,
494,494,SPY,SPY260130P00710000,2026-01-30,710.0,put,True,$18.17 - $18.57,18.57,0.86,651.8877412126633,18.16914755596852,0.0842376733398437,0.1314549517097845,1.0445092891013337,2026-01-18 23:16:55.682196,,
603,603,SPY,SPY260206P00687000,2026-02-06,687.0,put,False,$6.10 - $6.13,6.13,0.7,627.6715359947165,4.875926507129377,0.1282130636596679,0.0011249700980381,0.0055352306075949,2026-01-18 23:16:55.682196,,
604,604,SPY,SPY260206P00688000,2026-02-06,688.0,put,False,$6.40 - $6.43,6.43,0.705,628.7123449916343,5.248696221001116,0.1262294409179687,0.0170783988606712,0.0902609637011429,2026-01-18 23:16:55.682196,,
605,605,SPY,SPY260206P00689000,2026-02-06,689.0,put,False,$6.71 - $6.74,6.74,0.71,629.7540205557038,5.641914959908336,0.1241237490844726,0.0537423555796602,0.3033629438252713,2026-01-18 23:16:55.682196,,
606,606,SPY,SPY260206P00690000,2026-02-06,690.0,put,False,$7.03 - $7.07,7.07,0.715,630.796853152423,6.063143866230478,0.1220485745239257,0.1332318308976086,0.7911258484643381,2026-01-18 23:16:55.682196,,
607,607,SPY,SPY260206P00691000,2026-02-06,691.0,put,False,$7.38 - $7.42,7.42,0.715,631.840836847098,6.513445398129006,0.1200039172363281,0.1430381162268784,0.905099852197939,2026-01-18 23:16:55.682196,,
608,608,SPY,SPY260206P00692000,2026-02-06,692.0,put,True,$7.74 - $7.79,7.79,0.715,632.8859090233597,6.992507703026016,0.1179592599487304,0.1511430783065045,1.0160859249483964,2026-01-18 23:16:55.682196,,
609,609,SPY,SPY260206P00693000,2026-02-06,693.0,put,True,$8.13 - $8.17,8.17,0.73,633.931737750976,7.493951117085567,0.1157314990234375,0.1585581081642581,1.1302767524698156,2026-01-18 23:16:55.682196,,
610,610,SPY,SPY260206P00694000,2026-02-06,694.0,put,True,$8.53 - $8.58,8.58,0.735,634.9789178189625,8.031996824456433,0.1136563244628906,0.1637814269423481,1.23302741566826,2026-01-18 23:16:55.682196,,
611,611,SPY,SPY260206P00695000,2026-02-06,695.0,put,True,$8.96 - $9.00,9.0,0.735,636.02674526725,8.592072449628299,0.1113370117187499,0.16845656098473,1.3369232892876144,2026-01-18 23:16:55.682196,,
612,612,SPY,SPY260206P00696000,2026-02-06,696.0,put,True,$9.35 - $9.54,9.54,0.74,637.0782975458501,9.238434020584476,0.1105740798950195,0.1646533590533332,1.3583465837221085,2026-01-18 23:16:55.682196,,
613,613,SPY,SPY260206P00697000,2026-02-06,697.0,put,True,$9.81 - $10.02,10.02,0.745,638.1285784873805,9.86681496483097,0.1084683880615234,0.1659916449973422,1.432063835652734,2026-01-18 23:16:55.682196,,
614,614,SPY,SPY260206P00698000,2026-02-06,698.0,put,True,$10.20 - $10.53,10.53,0.755,639.179955826145,10.527138215304369,0.1063932135009765,0.1656287904150805,1.4886376908024024,2026-01-18 23:16:55.682196,,
615,615,SPY,SPY260206P00699000,2026-02-06,699.0,put,True,$10.61 - $11.06,11.06,0.755,640.2322695750275,11.216142017712883,0.1042570043945312,0.1644817415554927,1.5359494985435542,2026-01-18 23:16:55.682196,,
616,616,SPY,SPY260206P00700000,2026-02-06,700.0,put,True,$11.26 - $11.57,11.57,0.76,641.2841818072004,11.912806611250724,0.1012357943725585,0.1648252465185531,1.6025502908437133,2026-01-18 23:16:55.682196,,
721,721,SPY,SPY260213P00694000,2026-02-13,694.0,put,True,$9.82 - $9.87,9.87,0.705,634.9187607819683,5.065981508227967,0.1150906362915039,0.00482266323185,0.0371185738735981,2026-01-18 23:16:55.682196,,
722,722,SPY,SPY260213P00695000,2026-02-13,695.0,put,True,$10.23 - $10.28,10.28,0.705,635.9608194166806,5.354544996290503,0.1131070135498047,0.0120705915854658,0.0976982663149765,2026-01-18 23:16:55.682196,,
723,723,SPY,SPY260213P00696000,2026-02-13,696.0,put,True,$10.66 - $10.71,10.71,0.71,637.0037121953964,5.659162358602565,0.1111233908081054,0.0635548061263623,0.5345131468236282,2026-01-18 23:16:55.682196,,
724,724,SPY,SPY260213P00697000,2026-02-13,697.0,put,True,$10.86 - $11.47,11.47,0.71,638.0560680955577,6.186924460117595,0.1133511517333984,0.0420007764989884,0.3603149018647477,2026-01-18 23:16:55.682196,,
725,725,SPY,SPY260213P00698000,2026-02-13,698.0,put,True,$11.29 - $11.85,11.85,0.715,639.098014572273,6.500525095193625,0.1101163208007812,0.0767467645815412,0.6885038257522356,2026-01-18 23:16:55.682196,,
726,726,SPY,SPY260213P00700000,2026-02-13,700.0,put,True,$12.50 - $13.12,13.12,0.73,641.1972891542049,7.488375637325067,0.1098721826171875,0.0601129448801314,0.5709947306169508,2026-01-18 23:16:55.682196,,
727,727,SPY,SPY260213P00702000,2026-02-13,702.0,put,True,$13.20 - $14.34,14.34,0.755,643.2962484818022,8.469325921033517,0.1078275253295898,0.0506080179005452,0.5101355278574157,2026-01-18 23:16:55.682196,,
729,729,SPY,SPY-SPOT,,691.6599731445312,spot_long,True,$691.66,691.6599731445312,0.65,758.3444919862322,621.5577016099747,,0.0033775092434096,385.94681084500615,2026-01-18 23:16:55.865950,,Normal
842,842,QQQ,QQQ260121P00624000,2026-01-21,624.0,put,True,$4.73 - $4.79,4.79,0.755,564.9480264782142,3.3063405048540497,0.1191494335937499,0.054875147240264,0.1065327650281973,2026-01-18 23:17:06.745635,,
845,845,QQQ,QQQ260121P00627000,2026-01-21,627.0,put,True,$4.91 - $7.00,7.0,0.82,568.1714217755411,5.851846520679265,0.1221401263427734,0.0504293339041937,0.1253629475533906,2026-01-18 23:17:06.745635,,
850,850,QQQ,QQQ260122C00610000,2026-01-22,610.0,call,True,$11.72 - $12.53,12.53,0.395,12.807135553808424,0.0,0.1827474304199218,1.347048534977994,7.700197214257591,2026-01-18 23:17:06.745635,,
1023,1023,QQQ,QQQ260126C00615000,2026-01-26,615.0,call,True,$9.56 - $9.64,9.64,0.375,11.465752222827106,0.0,0.158638784790039,0.8975549530904626,10.481936131793397,2026-01-18 23:17:06.745635,,
1024,1024,QQQ,QQQ260126C00620000,2026-01-26,620.0,call,True,$6.15 - $6.20,6.2,0.34,7.198806100475097,0.0,0.145516357421875,0.8427191197816228,9.935197940427797,2026-01-18 23:17:06.745635,,
1025,1025,QQQ,QQQ260126C00625000,2026-01-26,625.0,call,False,$3.43 - $3.47,3.47,0.31,3.6948352254407366,0.0,0.1333704827880859,0.6144527441916272,8.655133754987721,2026-01-18 23:17:06.745635,,
1206,1206,QQQ,QQQ260206C00545000,2026-02-06,545.0,call,True,$76.22 - $79.61,79.61,0.5,81.96075152712395,4.2831790612419574e-201,0.4651542742919922,0.9736921468077868,9.121732555262522,2026-01-18 23:17:06.745635,,
1207,1207,QQQ,QQQ260206C00560000,2026-02-06,560.0,call,True,$61.59 - $65.01,65.01,0.5,67.11454143078046,1.4995352184858796e-268,0.4068052484130859,0.6461889828416151,7.321804447215797,2026-01-18 23:17:06.745635,,
1208,1208,QQQ,QQQ260206C00580000,2026-02-06,580.0,call,True,$42.67 - $46.10,46.1,0.465,47.557304257799515,0.0,0.3368596588134765,0.5764975918943918,7.73448570344384,2026-01-18 23:17:06.745635,,
1209,1209,QQQ,QQQ260206C00595000,2026-02-06,595.0,call,True,$30.62 - $31.40,31.4,0.435,32.805057257993376,0.0,0.262153374633789,0.5363892166942865,8.443894413530156,2026-01-18 23:17:06.745635,,
1210,1210,QQQ,QQQ260206C00598000,2026-02-06,598.0,call,True,$28.05 - $28.91,28.91,0.42,30.047494282188644,0.0,0.2560499200439453,0.5175648047669501,8.325072866324442,2026-01-18 23:17:06.745635,,
1211,1211,QQQ,QQQ260206C00600000,2026-02-06,600.0,call,True,$26.39 - $27.24,27.24,0.415,28.21613483823516,0.0,0.2511061218261718,0.5074012388769014,8.287424844323969,2026-01-18 23:17:06.745635,,
1212,1212,QQQ,QQQ260206C00605000,2026-02-06,605.0,call,True,$22.39 - $23.11,23.11,0.405,23.704572283781992,0.0,0.2375869699096679,0.4775608390022339,8.527951103283083,2026-01-18 23:17:06.745635,,
1213,1213,QQQ,QQQ260206C00610000,2026-02-06,610.0,call,True,$18.56 - $19.28,19.28,0.375,19.424319236521097,0.0,0.2263566134643554,0.450106838677036,8.174730429672817,2026-01-18 23:17:06.745635,,
1434,1434,QQQ,QQQ-SPOT,,621.260009765625,spot_long,True,$621.26,621.260009765625,0.64,718.5579116442923,572.671227877572,,0.0047637911627828,488.95711007887377,2026-01-18 23:17:06.918018,,Normal
1436,1436,EEM,EEM260123C00055000,2026-01-23,55.0,call,True,$2.62 - $2.97,2.97,0.715,3.593008596474212,0.8809740694963012,0.304694453125,0.2799052065222537,0.0774217532584081,2026-01-18 23:17:15.428664,,
1437,1437,EEM,EEM260123C00057000,2026-01-23,57.0,call,True,$1.02 - $1.09,1.09,0.565,1.59934876147719,0.0130652941099764,0.186531572265625,0.0808449287673494,0.0130448574235129,2026-01-18 23:17:15.428664,,
1445,1445,EEM,EEM260123P00058000,2026-01-23,58.0,put,True,$0.51 - $0.57,0.57,0.61,2.3627664845488856,0.0862963416683635,0.1694418994140625,0.4138645922235918,0.0772985841396229,2026-01-18 23:17:15.428664,,
1446,1446,EEM,EEM260130C00053500,2026-01-30,53.5,call,True,$4.30 - $4.60,4.6,0.73,5.738723921629875,1.8698900863250096,0.35938140625,0.0709043117424379,0.0341181696151012,2026-01-18 23:17:15.428664,,
1448,1448,EEM,EEM260130C00054500,2026-01-30,54.5,call,True,$3.45 - $3.55,3.55,0.715,4.734744971603556,1.0022707751877564,0.2753978710937499,0.3159921448585429,0.1625145538986238,2026-01-18 23:17:15.428664,,
1461,1461,EEM,EEM260130P00057500,2026-01-30,57.5,put,False,$0.51 - $0.57,0.57,0.515,2.5265887841947663,0.042925239245628,0.1704184521484375,0.0507473317015426,0.016279575055817,2026-01-18 23:17:15.428664,,
1462,1462,EEM,EEM260206C00054500,2026-02-06,54.5,call,True,$3.55 - $3.65,3.65,0.68,5.339931392443881,0.6712470462242432,0.25586681640625,0.1109145710287024,0.0772736749819314,2026-01-18 23:17:15.428664,,
1469,1469,EEM,EEM260213C00057500,2026-02-13,57.5,call,True,$1.13 - $1.43,1.43,0.54,2.918999541583872,0.062155640181947,0.1975177905273437,0.0750438327322062,0.0409501679393386,2026-01-18 23:17:15.428664,,
1476,1476,EEM,EEM-SPOT,,57.869998931884766,spot_long,True,$57.87,57.869998931884766,0.66,62.506374837524106,54.61519404105061,,0.0017753841630106,740.571138040517,2026-01-18 23:17:15.464046,,Normal
1482,1482,HYG,HYG260123P00081000,2026-01-23,81.0,put,False,$0.00 - $0.07,0.07,0.66,21.282248520781096,0.0353130600657813,0.026376923828125,1.1220196285323982,0.0589336728123783,2026-01-18 23:17:19.978069,,
1499,1499,GC=F,GC=F-SPOT,,4595.39990234375,spot_long,True,$4595.40,4595.39990234375,0.75,5412.575547541819,4260.130371446322,,0.0053350353303563,926.067847898926,2026-01-18 23:17:20.185040,,Normal
1502,1502,EURUSD=X,EURUSD=X-SPOT,,1.160496711730957,spot_long,True,$1.16,1.160496711730957,0.62,1.2223882261770165,1.1304337266681346,,0.0005736743961009,1460.010206279861,2026-01-18 23:17:20.717899,,Normal
